first_name,last_name,email,phone,password
Alice,Smith,alice@token.com, +1-555-1234,alicepw
Bob,Jones,bj@snooth.aus,+23-23-5433,bobpw
Charlie,Kahn,charles@here.com,+1-514-5433,charliepw
Org,Owner,orgowner1@bigneon.com,515-123-1000,orgowner1
Org,Member,orgmember@bigneon.com,515-123-2000,orgmember1
Mycah,Pithcock,mpithcock0@yandex.ru,300-935-9293,Mycah_Pithcock_pw
Celestia,Langford,clangford1@jimdo.com,771-869-7947,Celestia_Langford_pw
Gizela,Hunnisett,ghunnisett2@ezinearticles.com,995-204-6884,Gizela_Hunnisett_pw
Tiphanie,Bim,tbim3@dion.ne.jp,139-661-1186,Tiphanie_Bim_pw
